timestamp,anomaly_alerts,CENTOS@SPS,CENTOS@HIST,JVM@SPS,JVM@CONF,JVM@HIST,UNIX_NETWORK@SPS,COMPOSITION@SPS,details
0.0,0,0,0,0,0,0,0,0,
1.0,13,2,0,1,0,0,4,6,SPSDetector@(Tcp_Listen#PLAIN#UNIX_NETWORK)/(Major Page Faults#PLAIN#CENTOS)|SPSDetector@(Tcp_Listen#DIFFERENCE#UNIX_NETWORK)/(Major Page Faults#DIFFERENCE#CENTOS)|SPSDetector@Tcp_Listen|SPSDetector@Tcp_Listen|SPSDetector@(Tcp_Listen#PLAIN#UNIX_NETWORK)/(Major Page Faults#PLAIN#CENTOS)|SPSDetector@ProcessCpuLoad|SPSDetector@(Tcp_Syn#PLAIN#UNIX_NETWORK)/(Buffers#PLAIN#CENTOS)|SPSDetector@(Tcp_Syn#DIFFERENCE#UNIX_NETWORK)/(Buffers#DIFFERENCE#CENTOS)|SPSDetector@Tcp_Syn|SPSDetector@(Tcp_Syn#PLAIN#UNIX_NETWORK)/(Buffers#PLAIN#CENTOS)|SPSDetector@Tcp_Syn|SPSDetector@Activated Virtual Pages|SPSDetector@Active Files|
2.0,11,2,0,1,0,0,3,5,SPSDetector@(Tcp_Listen#PLAIN#UNIX_NETWORK)/(Major Page Faults#PLAIN#CENTOS)|SPSDetector@(Tcp_Listen#DIFFERENCE#UNIX_NETWORK)/(Major Page Faults#DIFFERENCE#CENTOS)|SPSDetector@Tcp_Listen|SPSDetector@ProcessCpuLoad|SPSDetector@(Tcp_Syn#PLAIN#UNIX_NETWORK)/(Buffers#PLAIN#CENTOS)|SPSDetector@(Tcp_Syn#DIFFERENCE#UNIX_NETWORK)/(Buffers#DIFFERENCE#CENTOS)|SPSDetector@Tcp_Syn|SPSDetector@(Tcp_Syn#PLAIN#UNIX_NETWORK)/(Buffers#PLAIN#CENTOS)|SPSDetector@Tcp_Syn|SPSDetector@Activated Virtual Pages|SPSDetector@Active Files|
3.0,13,1,1,0,2,2,3,4,SPSDetector@(Tcp_Listen#PLAIN#UNIX_NETWORK)/(Major Page Faults#PLAIN#CENTOS)|SPSDetector@(Tcp_Listen#DIFFERENCE#UNIX_NETWORK)/(Major Page Faults#DIFFERENCE#CENTOS)|SPSDetector@Tcp_Listen|SPSDetector@Tcp_Listen|SPSDetector@(Tcp_Listen#PLAIN#UNIX_NETWORK)/(Major Page Faults#PLAIN#CENTOS)|HistoricalIndicatorChecker@CPU I/O Wait Processes|SPSDetector@(Tcp_Syn#PLAIN#UNIX_NETWORK)/(Buffers#PLAIN#CENTOS)|SPSDetector@Tcp_Syn|HistoricalIndicatorChecker@ProcessCpuLoad|ConfidenceIntervalChecker@ProcessCpuLoad|ConfidenceIntervalChecker@ProcessCpuLoad|HistoricalIndicatorChecker@ProcessCpuLoad|SPSDetector@Active Files|
4.0,10,3,0,0,2,2,1,2,SPSDetector@(Tcp_Listen#PLAIN#UNIX_NETWORK)/(Major Page Faults#PLAIN#CENTOS)|SPSDetector@(Tcp_Listen#DIFFERENCE#UNIX_NETWORK)/(Major Page Faults#DIFFERENCE#CENTOS)|SPSDetector@Tcp_Listen|HistoricalIndicatorChecker@ProcessCpuLoad|ConfidenceIntervalChecker@ProcessCpuLoad|SPSDetector@Activated Virtual Pages|ConfidenceIntervalChecker@ProcessCpuLoad|SPSDetector@Buffers|HistoricalIndicatorChecker@ProcessCpuLoad|SPSDetector@Active Files|
5.0,7,3,0,0,0,0,2,2,SPSDetector@Tcp_Listen|SPSDetector@(Tcp_Listen#PLAIN#UNIX_NETWORK)/(Major Page Faults#PLAIN#CENTOS)|SPSDetector@(Tcp_Syn#PLAIN#UNIX_NETWORK)/(Buffers#PLAIN#CENTOS)|SPSDetector@Tcp_Syn|SPSDetector@Activated Virtual Pages|SPSDetector@Buffers|SPSDetector@Active Files|
6.0,12,2,0,0,0,0,4,6,SPSDetector@(Tcp_Listen#PLAIN#UNIX_NETWORK)/(Major Page Faults#PLAIN#CENTOS)|SPSDetector@(Tcp_Listen#DIFFERENCE#UNIX_NETWORK)/(Major Page Faults#DIFFERENCE#CENTOS)|SPSDetector@Tcp_Listen|SPSDetector@Tcp_Listen|SPSDetector@(Tcp_Listen#PLAIN#UNIX_NETWORK)/(Major Page Faults#PLAIN#CENTOS)|SPSDetector@(Tcp_Syn#PLAIN#UNIX_NETWORK)/(Buffers#PLAIN#CENTOS)|SPSDetector@(Tcp_Syn#DIFFERENCE#UNIX_NETWORK)/(Buffers#DIFFERENCE#CENTOS)|SPSDetector@Tcp_Syn|SPSDetector@(Tcp_Syn#PLAIN#UNIX_NETWORK)/(Buffers#PLAIN#CENTOS)|SPSDetector@Tcp_Syn|SPSDetector@Activated Virtual Pages|SPSDetector@Active Files|
7.0,5,2,0,0,0,0,1,2,SPSDetector@(Tcp_Listen#PLAIN#UNIX_NETWORK)/(Major Page Faults#PLAIN#CENTOS)|SPSDetector@(Tcp_Listen#DIFFERENCE#UNIX_NETWORK)/(Major Page Faults#DIFFERENCE#CENTOS)|SPSDetector@Tcp_Listen|SPSDetector@Activated Virtual Pages|SPSDetector@Active Files|
8.0,0,0,0,0,0,0,0,0,
9.0,1,1,0,0,0,0,0,0,SPSDetector@Active Files|
10.0,0,0,0,0,0,0,0,0,
11.0,0,0,0,0,0,0,0,0,
12.0,0,0,0,0,0,0,0,0,
13.0,10,0,0,0,0,0,4,6,SPSDetector@(Tcp_Listen#PLAIN#UNIX_NETWORK)/(Major Page Faults#PLAIN#CENTOS)|SPSDetector@(Tcp_Listen#DIFFERENCE#UNIX_NETWORK)/(Major Page Faults#DIFFERENCE#CENTOS)|SPSDetector@Tcp_Listen|SPSDetector@Tcp_Listen|SPSDetector@(Tcp_Listen#PLAIN#UNIX_NETWORK)/(Major Page Faults#PLAIN#CENTOS)|SPSDetector@(Tcp_Syn#PLAIN#UNIX_NETWORK)/(Buffers#PLAIN#CENTOS)|SPSDetector@(Tcp_Syn#DIFFERENCE#UNIX_NETWORK)/(Buffers#DIFFERENCE#CENTOS)|SPSDetector@Tcp_Syn|SPSDetector@(Tcp_Syn#PLAIN#UNIX_NETWORK)/(Buffers#PLAIN#CENTOS)|SPSDetector@Tcp_Syn|
14.0,10,0,0,0,0,0,4,6,SPSDetector@(Tcp_Listen#PLAIN#UNIX_NETWORK)/(Major Page Faults#PLAIN#CENTOS)|SPSDetector@(Tcp_Listen#DIFFERENCE#UNIX_NETWORK)/(Major Page Faults#DIFFERENCE#CENTOS)|SPSDetector@Tcp_Listen|SPSDetector@Tcp_Listen|SPSDetector@(Tcp_Listen#PLAIN#UNIX_NETWORK)/(Major Page Faults#PLAIN#CENTOS)|SPSDetector@(Tcp_Syn#PLAIN#UNIX_NETWORK)/(Buffers#PLAIN#CENTOS)|SPSDetector@(Tcp_Syn#DIFFERENCE#UNIX_NETWORK)/(Buffers#DIFFERENCE#CENTOS)|SPSDetector@Tcp_Syn|SPSDetector@(Tcp_Syn#PLAIN#UNIX_NETWORK)/(Buffers#PLAIN#CENTOS)|SPSDetector@Tcp_Syn|
15.0,7,1,0,0,0,0,2,4,SPSDetector@(Tcp_Listen#PLAIN#UNIX_NETWORK)/(Major Page Faults#PLAIN#CENTOS)|SPSDetector@(Tcp_Listen#DIFFERENCE#UNIX_NETWORK)/(Major Page Faults#DIFFERENCE#CENTOS)|SPSDetector@Tcp_Listen|SPSDetector@(Tcp_Syn#PLAIN#UNIX_NETWORK)/(Buffers#PLAIN#CENTOS)|SPSDetector@(Tcp_Syn#DIFFERENCE#UNIX_NETWORK)/(Buffers#DIFFERENCE#CENTOS)|SPSDetector@Tcp_Syn|SPSDetector@Buffers|
16.0,3,1,0,0,0,0,1,1,SPSDetector@Tcp_Listen|SPSDetector@(Tcp_Listen#PLAIN#UNIX_NETWORK)/(Major Page Faults#PLAIN#CENTOS)|SPSDetector@Buffers|
17.0,6,1,0,0,0,0,2,3,SPSDetector@(Tcp_Listen#PLAIN#UNIX_NETWORK)/(Major Page Faults#PLAIN#CENTOS)|SPSDetector@(Tcp_Listen#DIFFERENCE#UNIX_NETWORK)/(Major Page Faults#DIFFERENCE#CENTOS)|SPSDetector@Tcp_Listen|SPSDetector@Tcp_Listen|SPSDetector@(Tcp_Listen#PLAIN#UNIX_NETWORK)/(Major Page Faults#PLAIN#CENTOS)|SPSDetector@Buffers|
18.0,3,2,1,0,0,0,0,0,SPSDetector@PageOut|HistoricalIndicatorChecker@CPU I/O Wait Processes|SPSDetector@Buffers|
19.0,0,0,0,0,0,0,0,0,
20.0,4,0,0,0,2,2,0,0,HistoricalIndicatorChecker@ProcessCpuLoad|ConfidenceIntervalChecker@ProcessCpuLoad|ConfidenceIntervalChecker@ProcessCpuLoad|HistoricalIndicatorChecker@ProcessCpuLoad|
21.0,2,0,0,0,0,0,1,1,SPSDetector@Tcp_Listen|SPSDetector@(Tcp_Listen#PLAIN#UNIX_NETWORK)/(Major Page Faults#PLAIN#CENTOS)|
22.0,5,1,0,0,2,2,0,0,HistoricalIndicatorChecker@ProcessCpuLoad|ConfidenceIntervalChecker@ProcessCpuLoad|ConfidenceIntervalChecker@ProcessCpuLoad|SPSDetector@Buffers|HistoricalIndicatorChecker@ProcessCpuLoad|
23.0,1,1,0,0,0,0,0,0,SPSDetector@Buffers|
24.0,0,0,0,0,0,0,0,0,
25.0,0,0,0,0,0,0,0,0,
26.0,3,0,0,0,0,0,1,2,SPSDetector@(Tcp_Listen#PLAIN#UNIX_NETWORK)/(Major Page Faults#PLAIN#CENTOS)|SPSDetector@(Tcp_Listen#DIFFERENCE#UNIX_NETWORK)/(Major Page Faults#DIFFERENCE#CENTOS)|SPSDetector@Tcp_Listen|
27.0,0,0,0,0,0,0,0,0,
28.0,4,0,0,0,2,2,0,0,HistoricalIndicatorChecker@SystemCpuLoad|ConfidenceIntervalChecker@SystemCpuLoad|ConfidenceIntervalChecker@SystemCpuLoad|HistoricalIndicatorChecker@SystemCpuLoad|
29.0,4,0,0,0,2,2,0,0,HistoricalIndicatorChecker@ProcessCpuLoad|ConfidenceIntervalChecker@ProcessCpuLoad|ConfidenceIntervalChecker@ProcessCpuLoad|HistoricalIndicatorChecker@ProcessCpuLoad|
30.0,0,0,0,0,0,0,0,0,
31.0,8,0,0,0,4,4,0,0,HistoricalIndicatorChecker@SystemCpuLoad|ConfidenceIntervalChecker@SystemCpuLoad|ConfidenceIntervalChecker@SystemCpuLoad|HistoricalIndicatorChecker@SystemCpuLoad|HistoricalIndicatorChecker@ProcessCpuLoad|ConfidenceIntervalChecker@ProcessCpuLoad|ConfidenceIntervalChecker@ProcessCpuLoad|HistoricalIndicatorChecker@ProcessCpuLoad|
32.0,10,0,1,1,4,4,0,0,SPSDetector@ProcessCpuLoad|HistoricalIndicatorChecker@SystemCpuLoad|HistoricalIndicatorChecker@CPU I/O Wait Processes|ConfidenceIntervalChecker@SystemCpuLoad|ConfidenceIntervalChecker@SystemCpuLoad|HistoricalIndicatorChecker@SystemCpuLoad|HistoricalIndicatorChecker@ProcessCpuLoad|ConfidenceIntervalChecker@ProcessCpuLoad|ConfidenceIntervalChecker@ProcessCpuLoad|HistoricalIndicatorChecker@ProcessCpuLoad|
33.0,35,12,1,1,4,4,4,9,SPSDetector@(Tcp_Listen#PLAIN#UNIX_NETWORK)/(Major Page Faults#PLAIN#CENTOS)|SPSDetector@(Tcp_Listen#DIFFERENCE#UNIX_NETWORK)/(Major Page Faults#DIFFERENCE#CENTOS)|SPSDetector@Tcp_Listen|SPSDetector@PageIn|SPSDetector@Tcp_Listen|SPSDetector@(Tcp_Listen#PLAIN#UNIX_NETWORK)/(Major Page Faults#PLAIN#CENTOS)|SPSDetector@Buffers|SPSDetector@PageIn|SPSDetector@Activated Virtual Pages|SPSDetector@PageOut|SPSDetector@(PageIn#PLAIN#CENTOS)/(PageOut#PLAIN#CENTOS)|SPSDetector@ProcessCpuLoad|SPSDetector@(Tcp_Syn#PLAIN#UNIX_NETWORK)/(Buffers#PLAIN#CENTOS)|SPSDetector@(Tcp_Syn#DIFFERENCE#UNIX_NETWORK)/(Buffers#DIFFERENCE#CENTOS)|SPSDetector@Tcp_Syn|SPSDetector@Cached Memory|HistoricalIndicatorChecker@SystemCpuLoad|HistoricalIndicatorChecker@CPU I/O Wait Processes|SPSDetector@Active Files|ConfidenceIntervalChecker@SystemCpuLoad|ConfidenceIntervalChecker@SystemCpuLoad|HistoricalIndicatorChecker@SystemCpuLoad|SPSDetector@(Tcp_Syn#PLAIN#UNIX_NETWORK)/(Buffers#PLAIN#CENTOS)|SPSDetector@Tcp_Syn|HistoricalIndicatorChecker@ProcessCpuLoad|ConfidenceIntervalChecker@ProcessCpuLoad|SPSDetector@Activated Virtual Pages|ConfidenceIntervalChecker@ProcessCpuLoad|SPSDetector@Buffers|HistoricalIndicatorChecker@ProcessCpuLoad|SPSDetector@Inactive Files|SPSDetector@(Inactive Files#PLAIN#CENTOS)/(Deactivated Virtual Pages#PLAIN#CENTOS)|SPSDetector@Inactive Memory|SPSDetector@(Active Files#PLAIN#CENTOS)/(Inactive Files#PLAIN#CENTOS)|SPSDetector@Active Files|
34.0,25,7,1,1,2,2,4,8,SPSDetector@(Tcp_Listen#PLAIN#UNIX_NETWORK)/(Major Page Faults#PLAIN#CENTOS)|SPSDetector@(Tcp_Listen#DIFFERENCE#UNIX_NETWORK)/(Major Page Faults#DIFFERENCE#CENTOS)|SPSDetector@Tcp_Listen|SPSDetector@PageIn|SPSDetector@Tcp_Listen|SPSDetector@(Tcp_Listen#PLAIN#UNIX_NETWORK)/(Major Page Faults#PLAIN#CENTOS)|SPSDetector@CPU User Processes|SPSDetector@(CPU User Processes#PLAIN#CENTOS)/(CPU Interrupts#PLAIN#CENTOS)|SPSDetector@ProcessCpuLoad|SPSDetector@(Tcp_Syn#PLAIN#UNIX_NETWORK)/(Buffers#PLAIN#CENTOS)|SPSDetector@(Tcp_Syn#DIFFERENCE#UNIX_NETWORK)/(Buffers#DIFFERENCE#CENTOS)|SPSDetector@Tcp_Syn|SPSDetector@Cached Memory|HistoricalIndicatorChecker@CPU I/O Wait Processes|SPSDetector@Active Files|SPSDetector@(Tcp_Syn#PLAIN#UNIX_NETWORK)/(Buffers#PLAIN#CENTOS)|SPSDetector@Tcp_Syn|HistoricalIndicatorChecker@ProcessCpuLoad|ConfidenceIntervalChecker@ProcessCpuLoad|SPSDetector@Activated Virtual Pages|ConfidenceIntervalChecker@ProcessCpuLoad|SPSDetector@Buffers|HistoricalIndicatorChecker@ProcessCpuLoad|SPSDetector@Active Files|SPSDetector@(Inactive Memory#PLAIN#CENTOS)/(Cached Memory#PLAIN#CENTOS)|
35.0,16,7,0,0,0,0,2,7,SPSDetector@(Tcp_Listen#PLAIN#UNIX_NETWORK)/(Major Page Faults#PLAIN#CENTOS)|SPSDetector@(Tcp_Listen#DIFFERENCE#UNIX_NETWORK)/(Major Page Faults#DIFFERENCE#CENTOS)|SPSDetector@Tcp_Listen|SPSDetector@Buffers|SPSDetector@CPU User Processes|SPSDetector@(CPU User Processes#PLAIN#CENTOS)/(CPU Interrupts#PLAIN#CENTOS)|SPSDetector@Activated Virtual Pages|SPSDetector@PageOut|SPSDetector@(PageIn#PLAIN#CENTOS)/(PageOut#PLAIN#CENTOS)|SPSDetector@(Tcp_Syn#PLAIN#UNIX_NETWORK)/(Buffers#PLAIN#CENTOS)|SPSDetector@(Tcp_Syn#DIFFERENCE#UNIX_NETWORK)/(Buffers#DIFFERENCE#CENTOS)|SPSDetector@Tcp_Syn|SPSDetector@CPU Kernel Processes|SPSDetector@Activated Virtual Pages|SPSDetector@Buffers|SPSDetector@(Inactive Memory#PLAIN#CENTOS)/(Cached Memory#PLAIN#CENTOS)|
36.0,18,6,0,0,4,4,0,4,SPSDetector@Buffers|SPSDetector@CPU User Processes|SPSDetector@(CPU User Processes#PLAIN#CENTOS)/(CPU Interrupts#PLAIN#CENTOS)|HistoricalIndicatorChecker@SystemCpuLoad|ConfidenceIntervalChecker@SystemCpuLoad|ConfidenceIntervalChecker@SystemCpuLoad|HistoricalIndicatorChecker@SystemCpuLoad|HistoricalIndicatorChecker@ProcessCpuLoad|ConfidenceIntervalChecker@ProcessCpuLoad|SPSDetector@Activated Virtual Pages|ConfidenceIntervalChecker@ProcessCpuLoad|SPSDetector@Buffers|HistoricalIndicatorChecker@ProcessCpuLoad|SPSDetector@Inactive Files|SPSDetector@(Inactive Files#PLAIN#CENTOS)/(Deactivated Virtual Pages#PLAIN#CENTOS)|SPSDetector@Inactive Memory|SPSDetector@(Active Files#PLAIN#CENTOS)/(Inactive Files#PLAIN#CENTOS)|SPSDetector@(Inactive Memory#PLAIN#CENTOS)/(Cached Memory#PLAIN#CENTOS)|
37.0,12,3,0,0,4,4,0,1,SPSDetector@CPU User Processes|SPSDetector@(CPU User Processes#PLAIN#CENTOS)/(CPU Interrupts#PLAIN#CENTOS)|HistoricalIndicatorChecker@SystemCpuLoad|ConfidenceIntervalChecker@SystemCpuLoad|ConfidenceIntervalChecker@SystemCpuLoad|HistoricalIndicatorChecker@SystemCpuLoad|SPSDetector@CPU Kernel Processes|HistoricalIndicatorChecker@ProcessCpuLoad|ConfidenceIntervalChecker@ProcessCpuLoad|ConfidenceIntervalChecker@ProcessCpuLoad|HistoricalIndicatorChecker@ProcessCpuLoad|SPSDetector@Active Files|
38.0,17,5,0,0,4,4,0,4,SPSDetector@CPU User Processes|SPSDetector@(CPU User Processes#PLAIN#CENTOS)/(CPU Interrupts#PLAIN#CENTOS)|SPSDetector@PageOut|SPSDetector@(PageIn#PLAIN#CENTOS)/(PageOut#PLAIN#CENTOS)|SPSDetector@Cached Memory|HistoricalIndicatorChecker@SystemCpuLoad|ConfidenceIntervalChecker@SystemCpuLoad|ConfidenceIntervalChecker@SystemCpuLoad|HistoricalIndicatorChecker@SystemCpuLoad|HistoricalIndicatorChecker@ProcessCpuLoad|ConfidenceIntervalChecker@ProcessCpuLoad|ConfidenceIntervalChecker@ProcessCpuLoad|HistoricalIndicatorChecker@ProcessCpuLoad|SPSDetector@Inactive Files|SPSDetector@(Inactive Files#PLAIN#CENTOS)/(Deactivated Virtual Pages#PLAIN#CENTOS)|SPSDetector@Inactive Memory|SPSDetector@(Active Files#PLAIN#CENTOS)/(Inactive Files#PLAIN#CENTOS)|
39.0,11,2,0,0,4,4,0,1,SPSDetector@CPU User Processes|SPSDetector@(CPU User Processes#PLAIN#CENTOS)/(CPU Interrupts#PLAIN#CENTOS)|HistoricalIndicatorChecker@SystemCpuLoad|ConfidenceIntervalChecker@SystemCpuLoad|ConfidenceIntervalChecker@SystemCpuLoad|HistoricalIndicatorChecker@SystemCpuLoad|SPSDetector@CPU Kernel Processes|HistoricalIndicatorChecker@ProcessCpuLoad|ConfidenceIntervalChecker@ProcessCpuLoad|ConfidenceIntervalChecker@ProcessCpuLoad|HistoricalIndicatorChecker@ProcessCpuLoad|
40.0,11,2,1,0,4,4,0,0,SPSDetector@Buffers|HistoricalIndicatorChecker@SystemCpuLoad|HistoricalIndicatorChecker@CPU I/O Wait Processes|ConfidenceIntervalChecker@SystemCpuLoad|ConfidenceIntervalChecker@SystemCpuLoad|HistoricalIndicatorChecker@SystemCpuLoad|HistoricalIndicatorChecker@ProcessCpuLoad|ConfidenceIntervalChecker@ProcessCpuLoad|ConfidenceIntervalChecker@ProcessCpuLoad|SPSDetector@Buffers|HistoricalIndicatorChecker@ProcessCpuLoad|
41.0,3,1,0,0,0,0,0,2,SPSDetector@Buffers|SPSDetector@(Active Files#PLAIN#CENTOS)/(Inactive Files#PLAIN#CENTOS)|SPSDetector@(Inactive Memory#PLAIN#CENTOS)/(Cached Memory#PLAIN#CENTOS)|
42.0,0,0,0,0,0,0,0,0,
43.0,0,0,0,0,0,0,0,0,
44.0,5,0,0,0,2,2,0,1,HistoricalIndicatorChecker@ProcessCpuLoad|ConfidenceIntervalChecker@ProcessCpuLoad|ConfidenceIntervalChecker@ProcessCpuLoad|HistoricalIndicatorChecker@ProcessCpuLoad|SPSDetector@(Inactive Memory#PLAIN#CENTOS)/(Cached Memory#PLAIN#CENTOS)|
45.0,15,3,0,0,2,2,2,6,SPSDetector@(Tcp_Syn#PLAIN#UNIX_NETWORK)/(Buffers#PLAIN#CENTOS)|SPSDetector@(Tcp_Syn#DIFFERENCE#UNIX_NETWORK)/(Buffers#DIFFERENCE#CENTOS)|SPSDetector@Tcp_Syn|SPSDetector@CPU Kernel Processes|SPSDetector@(Tcp_Syn#PLAIN#UNIX_NETWORK)/(Buffers#PLAIN#CENTOS)|SPSDetector@Tcp_Syn|HistoricalIndicatorChecker@ProcessCpuLoad|ConfidenceIntervalChecker@ProcessCpuLoad|ConfidenceIntervalChecker@ProcessCpuLoad|HistoricalIndicatorChecker@ProcessCpuLoad|SPSDetector@Inactive Files|SPSDetector@(Inactive Files#PLAIN#CENTOS)/(Deactivated Virtual Pages#PLAIN#CENTOS)|SPSDetector@Inactive Memory|SPSDetector@(Active Files#PLAIN#CENTOS)/(Inactive Files#PLAIN#CENTOS)|SPSDetector@(Inactive Memory#PLAIN#CENTOS)/(Cached Memory#PLAIN#CENTOS)|
46.0,5,0,0,0,0,0,2,3,SPSDetector@(Tcp_Syn#PLAIN#UNIX_NETWORK)/(Buffers#PLAIN#CENTOS)|SPSDetector@(Tcp_Syn#DIFFERENCE#UNIX_NETWORK)/(Buffers#DIFFERENCE#CENTOS)|SPSDetector@Tcp_Syn|SPSDetector@(Tcp_Syn#PLAIN#UNIX_NETWORK)/(Buffers#PLAIN#CENTOS)|SPSDetector@Tcp_Syn|
47.0,16,8,0,0,0,0,2,6,SPSDetector@Activated Virtual Pages|SPSDetector@(Tcp_Syn#PLAIN#UNIX_NETWORK)/(Buffers#PLAIN#CENTOS)|SPSDetector@(Tcp_Syn#DIFFERENCE#UNIX_NETWORK)/(Buffers#DIFFERENCE#CENTOS)|SPSDetector@Tcp_Syn|SPSDetector@Cached Memory|SPSDetector@Active Files|SPSDetector@CPU Kernel Processes|SPSDetector@(Tcp_Syn#PLAIN#UNIX_NETWORK)/(Buffers#PLAIN#CENTOS)|SPSDetector@Tcp_Syn|SPSDetector@Activated Virtual Pages|SPSDetector@Inactive Files|SPSDetector@(Inactive Files#PLAIN#CENTOS)/(Deactivated Virtual Pages#PLAIN#CENTOS)|SPSDetector@Inactive Memory|SPSDetector@(Active Files#PLAIN#CENTOS)/(Inactive Files#PLAIN#CENTOS)|SPSDetector@Active Files|SPSDetector@(Inactive Memory#PLAIN#CENTOS)/(Cached Memory#PLAIN#CENTOS)|
48.0,15,9,0,0,0,0,1,5,SPSDetector@Activated Virtual Pages|SPSDetector@PageOut|SPSDetector@(Tcp_Syn#PLAIN#UNIX_NETWORK)/(Buffers#PLAIN#CENTOS)|SPSDetector@(Tcp_Syn#DIFFERENCE#UNIX_NETWORK)/(Buffers#DIFFERENCE#CENTOS)|SPSDetector@Tcp_Syn|SPSDetector@Cached Memory|SPSDetector@Active Files|SPSDetector@CPU Kernel Processes|SPSDetector@Activated Virtual Pages|SPSDetector@Inactive Files|SPSDetector@(Inactive Files#PLAIN#CENTOS)/(Deactivated Virtual Pages#PLAIN#CENTOS)|SPSDetector@Inactive Memory|SPSDetector@(Active Files#PLAIN#CENTOS)/(Inactive Files#PLAIN#CENTOS)|SPSDetector@Active Files|SPSDetector@(Inactive Memory#PLAIN#CENTOS)/(Cached Memory#PLAIN#CENTOS)|
49.0,9,6,0,0,0,0,0,3,SPSDetector@Activated Virtual Pages|SPSDetector@Cached Memory|SPSDetector@Active Files|SPSDetector@CPU Kernel Processes|SPSDetector@Inactive Files|SPSDetector@(Inactive Files#PLAIN#CENTOS)/(Deactivated Virtual Pages#PLAIN#CENTOS)|SPSDetector@Inactive Memory|SPSDetector@(Active Files#PLAIN#CENTOS)/(Inactive Files#PLAIN#CENTOS)|SPSDetector@(Inactive Memory#PLAIN#CENTOS)/(Cached Memory#PLAIN#CENTOS)|
50.0,13,10,0,0,0,0,0,3,SPSDetector@Buffers|SPSDetector@Activated Virtual Pages|SPSDetector@Cached Memory|SPSDetector@Active Files|SPSDetector@CPU Kernel Processes|SPSDetector@Activated Virtual Pages|SPSDetector@Buffers|SPSDetector@Inactive Files|SPSDetector@(Inactive Files#PLAIN#CENTOS)/(Deactivated Virtual Pages#PLAIN#CENTOS)|SPSDetector@Inactive Memory|SPSDetector@(Active Files#PLAIN#CENTOS)/(Inactive Files#PLAIN#CENTOS)|SPSDetector@Active Files|SPSDetector@(Inactive Memory#PLAIN#CENTOS)/(Cached Memory#PLAIN#CENTOS)|
51.0,3,3,0,0,0,0,0,0,SPSDetector@Activated Virtual Pages|SPSDetector@Buffers|SPSDetector@Active Files|
52.0,11,8,0,0,0,0,0,3,SPSDetector@Activated Virtual Pages|SPSDetector@Cached Memory|SPSDetector@Active Files|SPSDetector@CPU Kernel Processes|SPSDetector@Activated Virtual Pages|SPSDetector@Inactive Files|SPSDetector@(Inactive Files#PLAIN#CENTOS)/(Deactivated Virtual Pages#PLAIN#CENTOS)|SPSDetector@Inactive Memory|SPSDetector@(Active Files#PLAIN#CENTOS)/(Inactive Files#PLAIN#CENTOS)|SPSDetector@Active Files|SPSDetector@(Inactive Memory#PLAIN#CENTOS)/(Cached Memory#PLAIN#CENTOS)|
53.0,2,2,0,0,0,0,0,0,SPSDetector@Activated Virtual Pages|SPSDetector@Active Files|
54.0,11,8,0,0,0,0,0,3,SPSDetector@Activated Virtual Pages|SPSDetector@Cached Memory|SPSDetector@Active Files|SPSDetector@CPU Kernel Processes|SPSDetector@Activated Virtual Pages|SPSDetector@Inactive Files|SPSDetector@(Inactive Files#PLAIN#CENTOS)/(Deactivated Virtual Pages#PLAIN#CENTOS)|SPSDetector@Inactive Memory|SPSDetector@(Active Files#PLAIN#CENTOS)/(Inactive Files#PLAIN#CENTOS)|SPSDetector@Active Files|SPSDetector@(Inactive Memory#PLAIN#CENTOS)/(Cached Memory#PLAIN#CENTOS)|
55.0,4,3,0,0,0,0,0,1,SPSDetector@CPU User Processes|SPSDetector@(CPU User Processes#PLAIN#CENTOS)/(CPU Interrupts#PLAIN#CENTOS)|SPSDetector@Activated Virtual Pages|SPSDetector@Active Files|
56.0,0,0,0,0,0,0,0,0,
57.0,0,0,0,0,0,0,0,0,
58.0,0,0,0,0,0,0,0,0,
59.0,0,0,0,0,0,0,0,0,
60.0,0,0,0,0,0,0,0,0,
61.0,0,0,0,0,0,0,0,0,
62.0,3,1,0,1,0,0,0,1,SPSDetector@PageOut|SPSDetector@(PageIn#PLAIN#CENTOS)/(PageOut#PLAIN#CENTOS)|SPSDetector@ProcessCpuLoad|
63.0,2,1,0,0,0,0,0,1,SPSDetector@PageOut|SPSDetector@(PageIn#PLAIN#CENTOS)/(PageOut#PLAIN#CENTOS)|
64.0,5,0,0,0,0,0,2,3,SPSDetector@(Tcp_Syn#PLAIN#UNIX_NETWORK)/(Buffers#PLAIN#CENTOS)|SPSDetector@(Tcp_Syn#DIFFERENCE#UNIX_NETWORK)/(Buffers#DIFFERENCE#CENTOS)|SPSDetector@Tcp_Syn|SPSDetector@(Tcp_Syn#PLAIN#UNIX_NETWORK)/(Buffers#PLAIN#CENTOS)|SPSDetector@Tcp_Syn|
65.0,5,0,0,0,0,0,2,3,SPSDetector@(Tcp_Syn#PLAIN#UNIX_NETWORK)/(Buffers#PLAIN#CENTOS)|SPSDetector@(Tcp_Syn#DIFFERENCE#UNIX_NETWORK)/(Buffers#DIFFERENCE#CENTOS)|SPSDetector@Tcp_Syn|SPSDetector@(Tcp_Syn#PLAIN#UNIX_NETWORK)/(Buffers#PLAIN#CENTOS)|SPSDetector@Tcp_Syn|
66.0,3,0,0,0,0,0,1,2,SPSDetector@(Tcp_Syn#PLAIN#UNIX_NETWORK)/(Buffers#PLAIN#CENTOS)|SPSDetector@(Tcp_Syn#DIFFERENCE#UNIX_NETWORK)/(Buffers#DIFFERENCE#CENTOS)|SPSDetector@Tcp_Syn|
67.0,7,0,0,0,4,3,0,0,ConfidenceIntervalChecker@SystemCpuLoad|ConfidenceIntervalChecker@SystemCpuLoad|HistoricalIndicatorChecker@SystemCpuLoad|HistoricalIndicatorChecker@ProcessCpuLoad|ConfidenceIntervalChecker@ProcessCpuLoad|ConfidenceIntervalChecker@ProcessCpuLoad|HistoricalIndicatorChecker@ProcessCpuLoad|
68.0,9,3,1,0,2,2,0,1,SPSDetector@Buffers|SPSDetector@PageOut|SPSDetector@(PageIn#PLAIN#CENTOS)/(PageOut#PLAIN#CENTOS)|HistoricalIndicatorChecker@CPU I/O Wait Processes|HistoricalIndicatorChecker@ProcessCpuLoad|ConfidenceIntervalChecker@ProcessCpuLoad|ConfidenceIntervalChecker@ProcessCpuLoad|SPSDetector@Buffers|HistoricalIndicatorChecker@ProcessCpuLoad|
69.0,5,1,0,0,2,2,0,0,HistoricalIndicatorChecker@SystemCpuLoad|ConfidenceIntervalChecker@SystemCpuLoad|ConfidenceIntervalChecker@SystemCpuLoad|HistoricalIndicatorChecker@SystemCpuLoad|SPSDetector@Buffers|
70.0,1,1,0,0,0,0,0,0,SPSDetector@Buffers|
71.0,0,0,0,0,0,0,0,0,
72.0,0,0,0,0,0,0,0,0,
73.0,0,0,0,0,0,0,0,0,
